{
  "run_label": "P3_seq2048_C_pct30",
  "run_config": {
    "attention_mode": "diffusion_learned",
    "training_mode": "standard",
    "fixed_t": 0.16165807537309523,
    "t_min": 0.11316065276116666,
    "t_max": 0.2101554979850238,
    "alpha": 0.0,
    "description": "Constrained t \u00b130% [0.1132, 0.2102]"
  },
  "model_config": {
    "vocab_size": 50257,
    "max_seq_len": 2048,
    "d_model": 256,
    "n_heads": 4,
    "n_layers": 12,
    "d_ff": 1024,
    "dropout": 0.1,
    "attention_mode": "diffusion_learned",
    "fixed_t": 0.16165807537309523,
    "alpha": 0.0,
    "t_min": 0.11316065276116666,
    "t_max": 0.2101554979850238,
    "t_base": 0.28,
    "L_base": 4,
    "training_mode": "standard"
  },
  "dataset": "wikitext-103",
  "seq_len": 2048,
  "batch_size": 4,
  "grad_accum": 8,
  "effective_batch": 32,
  "max_steps": 15000,
  "lr": 0.0003,
  "seed": 42
}