step,val_loss,perplexity,ece,brier,mean_confidence,mean_accuracy,overconfidence,train_loss,elapsed_min,tokens_seen
500,5.972748832702637,392.58333482145815,0.03825855291914195,0.12893002688884736,0.16561465144157408,0.18078369140625,-0.015169039964675918,6.675042462348938,13.513733851909638,32768000
1000,5.313284711837769,203.0159833867843,0.02410851661115884,0.13147082567214965,0.1989353382587433,0.2221875,-0.023252161741256716,6.197590562343597,26.80695618391037,65536000
1500,4.851267900466919,127.90245466527813,0.03407289974391461,0.14777617454528807,0.2350321075320244,0.263125,-0.02809289246797561,5.879690079371135,40.1272039492925,98304000
2000,4.442369356155395,84.9760418485958,0.04259116950444878,0.15097308456897734,0.26944578886032106,0.2923681640625,-0.022922375202178935,5.625963856697083,53.42327060699463,131072000
2500,4.141288137435913,62.88377224127074,0.03896508644334973,0.15183407306671143,0.29034324586391447,0.32286376953125,-0.032520523667335544,5.412629676818848,66.73572465578715,163840000
3000,3.9480573987960814,51.83457505950067,0.035453654974699024,0.1562412017583847,0.3151689463853836,0.34407470703125,-0.028905760645866363,5.237193145036698,80.03957993984223,196608000
3500,3.8726222276687623,48.068266904065176,0.02107222638092935,0.15034014523029327,0.32918201088905336,0.34555908203125,-0.016377071142196664,5.094405670779092,93.35347106854121,229376000
4000,3.7772052478790283,43.69375771635495,0.014743730453774343,0.14743154019117355,0.3402822351455688,0.351455078125,-0.011172842979431163,4.975070306301117,106.73293771743775,262144000
