{
  "train_loss": [
    [
      500,
      6.431600890159607
    ],
    [
      1000,
      5.742061714649201
    ],
    [
      1500,
      5.239355925877889
    ],
    [
      2000,
      4.83343219089508
    ],
    [
      2500,
      4.499044554901123
    ],
    [
      3000,
      4.216066532452901
    ],
    [
      3500,
      3.9711961406299046
    ],
    [
      4000,
      3.755217272043228
    ],
    [
      4500,
      3.5623161350091297
    ],
    [
      5000,
      3.3889846337556837
    ],
    [
      5500,
      3.231556116472591
    ],
    [
      6000,
      3.0882276586294175
    ],
    [
      6500,
      2.957452850048359
    ],
    [
      7000,
      2.8376455556665148
    ],
    [
      7500,
      2.7278018486181894
    ],
    [
      8000,
      2.6269810157865288
    ],
    [
      8500,
      2.5340864185305203
    ],
    [
      9000,
      2.4483921722306143
    ],
    [
      9500,
      2.3691012060077568
    ],
    [
      10000,
      2.295914084458351
    ],
    [
      10500,
      2.227998644647144
    ],
    [
      11000,
      2.1650625789273867
    ],
    [
      11500,
      2.106422122893126
    ],
    [
      12000,
      2.051894950668017
    ],
    [
      12500,
      2.00109245013237
    ],
    [
      13000,
      1.9537945452515895
    ],
    [
      13500,
      1.9096362464648706
    ],
    [
      14000,
      1.868409036121198
    ],
    [
      14500,
      1.829855310616822
    ],
    [
      15000,
      1.7938247309883435
    ],
    [
      15500,
      1.760052330343954
    ]
  ],
  "val_loss": [
    [
      500,
      6.266719779968262
    ],
    [
      1000,
      6.207749710083008
    ],
    [
      1500,
      6.486458683013916
    ],
    [
      2000,
      6.870039920806885
    ],
    [
      2500,
      7.208389835357666
    ],
    [
      3000,
      7.537673892974854
    ],
    [
      3500,
      7.775750312805176
    ],
    [
      4000,
      8.076317291259766
    ],
    [
      4500,
      8.288294153213501
    ],
    [
      5000,
      8.563003435134888
    ],
    [
      5500,
      8.76515118598938
    ],
    [
      6000,
      8.932691278457641
    ],
    [
      6500,
      9.128121347427369
    ],
    [
      7000,
      9.292620515823364
    ],
    [
      7500,
      9.411852598190308
    ],
    [
      8000,
      9.482172298431397
    ],
    [
      8500,
      9.636939754486084
    ],
    [
      9000,
      9.76088529586792
    ],
    [
      9500,
      9.823874912261964
    ],
    [
      10000,
      9.88352430343628
    ],
    [
      10500,
      9.968973388671875
    ],
    [
      11000,
      10.015580444335937
    ],
    [
      11500,
      10.081658802032472
    ],
    [
      12000,
      10.138274383544921
    ],
    [
      12500,
      10.155903720855713
    ],
    [
      13000,
      10.179921379089356
    ],
    [
      13500,
      10.206151943206788
    ],
    [
      14000,
      10.223880214691162
    ],
    [
      14500,
      10.225112419128418
    ],
    [
      15000,
      10.230849990844726
    ],
    [
      15500,
      10.232530174255372
    ]
  ],
  "val_perplexity": [
    [
      500,
      526.7466958571906
    ],
    [
      1000,
      496.582538365644
    ],
    [
      1500,
      656.1954476197049
    ],
    [
      2000,
      962.9870082630714
    ],
    [
      2500,
      1350.7156409141921
    ],
    [
      3000,
      1877.4577742542433
    ],
    [
      3500,
      2382.129972349616
    ],
    [
      4000,
      3217.3627823087313
    ],
    [
      4500,
      3977.0441767844654
    ],
    [
      5000,
      5234.3787043023185
    ],
    [
      5500,
      6407.030525265462
    ],
    [
      6000,
      7575.6260850785475
    ],
    [
      6500,
      9210.701996171625
    ],
    [
      7000,
      10857.599361936356
    ],
    [
      7500,
      12232.511927023947
    ],
    [
      8000,
      13123.66408699369
    ],
    [
      8500,
      15320.387772361279
    ],
    [
      9000,
      17341.977662318575
    ],
    [
      9500,
      18469.479874922123
    ],
    [
      10000,
      19604.69394304555
    ],
    [
      10500,
      21353.552295312
    ],
    [
      11000,
      22372.33532287379
    ],
    [
      11500,
      23900.59903980475
    ],
    [
      12000,
      25292.783162880434
    ],
    [
      12500,
      25742.63178455618
    ],
    [
      13000,
      26368.394109097237
    ],
    [
      13500,
      27069.203087130165
    ],
    [
      14000,
      27553.372329415834
    ],
    [
      14500,
      27587.34464318097
    ],
    [
      15000,
      27746.08396518477
    ],
    [
      15500,
      27792.74166094035
    ]
  ],
  "val_ece": [
    [
      500,
      0.030501134168716817
    ],
    [
      1000,
      0.061295151612657715
    ],
    [
      1500,
      0.12096107420584302
    ],
    [
      2000,
      0.1568281449152073
    ],
    [
      2500,
      0.18657432893999612
    ],
    [
      3000,
      0.1963135606179185
    ],
    [
      3500,
      0.221200969160127
    ],
    [
      4000,
      0.24292228028592944
    ],
    [
      4500,
      0.27203911163862354
    ],
    [
      5000,
      0.28711472757392587
    ],
    [
      5500,
      0.3089661894389064
    ],
    [
      6000,
      0.3225770284160899
    ],
    [
      6500,
      0.3369211280925265
    ],
    [
      7000,
      0.3422847406524488
    ],
    [
      7500,
      0.34760578145807813
    ],
    [
      8000,
      0.3515418745239003
    ],
    [
      8500,
      0.3581476074274906
    ],
    [
      9000,
      0.36888532862529244
    ],
    [
      9500,
      0.368340724300524
    ],
    [
      10000,
      0.3805608042538734
    ],
    [
      10500,
      0.3800933778743456
    ],
    [
      11000,
      0.37703132390633987
    ],
    [
      11500,
      0.37685080320905395
    ],
    [
      12000,
      0.3843470031152174
    ],
    [
      12500,
      0.38475307268496184
    ],
    [
      13000,
      0.39204245105605884
    ],
    [
      13500,
      0.38973721928563465
    ],
    [
      14000,
      0.39385631427385304
    ],
    [
      14500,
      0.3934332723215266
    ],
    [
      15000,
      0.3937003276552241
    ],
    [
      15500,
      0.39402180421776395
    ]
  ],
  "val_confidence": [
    [
      500,
      0.21672795712947845
    ],
    [
      1000,
      0.27096667885780334
    ],
    [
      1500,
      0.31833788752555847
    ],
    [
      2000,
      0.3498237729072571
    ],
    [
      2500,
      0.37170863151550293
    ],
    [
      3000,
      0.3720777630805969
    ],
    [
      3500,
      0.3945457339286804
    ],
    [
      4000,
      0.41554680466651917
    ],
    [
      4500,
      0.4415704011917114
    ],
    [
      5000,
      0.4525028169155121
    ],
    [
      5500,
      0.47553113102912903
    ],
    [
      6000,
      0.487926185131073
    ],
    [
      6500,
      0.5043796300888062
    ],
    [
      7000,
      0.5108541250228882
    ],
    [
      7500,
      0.5186750888824463
    ],
    [
      8000,
      0.521282970905304
    ],
    [
      8500,
      0.5302349328994751
    ],
    [
      9000,
      0.5406162738800049
    ],
    [
      9500,
      0.5438313484191895
    ],
    [
      10000,
      0.5554338097572327
    ],
    [
      10500,
      0.5541144013404846
    ],
    [
      11000,
      0.551665186882019
    ],
    [
      11500,
      0.5497121214866638
    ],
    [
      12000,
      0.5575037598609924
    ],
    [
      12500,
      0.5587033629417419
    ],
    [
      13000,
      0.5651185512542725
    ],
    [
      13500,
      0.5619320869445801
    ],
    [
      14000,
      0.5656019449234009
    ],
    [
      14500,
      0.5660943388938904
    ],
    [
      15000,
      0.5662199258804321
    ],
    [
      15500,
      0.56653892993927
    ]
  ],